STT,Program,Threads,Time (seconds)
1,Sequential,1,2.023303
1,OpenMP,2,1.299947
1,OpenMP,4,0.749977
1,OpenMP,6,0.556720
1,OpenMP,8,0.506736
1,OpenMP,12,0.669125
1,Pthreads,2,2.292820
1,Pthreads,4,2.287805
1,Pthreads,6,2.337911
1,Pthreads,8,2.349296
1,Pthreads,12,2.293012
1,MPI,2,1.030043
1,MPI,4,0.545953
1,MPI,6,0.350692
1,MPI,8,0.270143
1,MPI,12,0.181878
2,Sequential,1,2.128218
2,OpenMP,2,1.372667
2,OpenMP,4,0.753915
2,OpenMP,6,0.592885
2,OpenMP,8,0.569610
2,OpenMP,12,0.623029
2,Pthreads,2,2.368967
2,Pthreads,4,2.401726
2,Pthreads,6,2.295549
2,Pthreads,8,2.365253
2,Pthreads,12,2.356348
2,MPI,2,1.052358
2,MPI,4,0.537791
2,MPI,6,0.366503
2,MPI,8,0.353480
2,MPI,12,0.237140
3,Sequential,1,2.166104
3,OpenMP,2,1.395117
3,OpenMP,4,0.754258
3,OpenMP,6,0.588399
3,OpenMP,8,0.574564
3,OpenMP,12,0.654545
3,Pthreads,2,2.348911
3,Pthreads,4,2.350133
3,Pthreads,6,2.406400
3,Pthreads,8,2.334776
3,Pthreads,12,2.401541
3,MPI,2,1.052517
3,MPI,4,0.545157
3,MPI,6,0.364385
3,MPI,8,0.283533
3,MPI,12,0.233668
4,Sequential,1,2.169771
4,OpenMP,2,1.385778
4,OpenMP,4,0.795460
4,OpenMP,6,0.602513
4,OpenMP,8,0.586925
4,OpenMP,12,0.596200
4,Pthreads,2,2.308705
4,Pthreads,4,2.286839
4,Pthreads,6,2.440085
4,Pthreads,8,2.428303
4,Pthreads,12,2.397295
4,MPI,2,1.048608
4,MPI,4,0.551294
4,MPI,6,0.365348
4,MPI,8,0.277183
4,MPI,12,0.234974
5,Sequential,1,2.179697
5,OpenMP,2,1.412677
5,OpenMP,4,0.785554
5,OpenMP,6,0.594345
5,OpenMP,8,0.565073
5,OpenMP,12,0.612596
5,Pthreads,2,2.376633
5,Pthreads,4,2.339946
5,Pthreads,6,2.277523
5,Pthreads,8,2.338299
5,Pthreads,12,2.386324
5,MPI,2,1.052777
5,MPI,4,0.552470
5,MPI,6,0.358973
5,MPI,8,0.273386
5,MPI,12,0.186050
6,Sequential,1,2.150838
6,OpenMP,2,1.394121
6,OpenMP,4,0.764694
6,OpenMP,6,0.602278
6,OpenMP,8,0.582238
6,OpenMP,12,0.606988
6,Pthreads,2,2.349870
6,Pthreads,4,2.388393
6,Pthreads,6,2.350644
6,Pthreads,8,2.320814
6,Pthreads,12,2.348492
6,MPI,2,1.056160
6,MPI,4,0.541562
6,MPI,6,0.359886
6,MPI,8,0.292031
6,MPI,12,0.186837
7,Sequential,1,2.172493
7,OpenMP,2,1.402644
7,OpenMP,4,0.771292
7,OpenMP,6,0.562710
7,OpenMP,8,0.564315
7,OpenMP,12,0.689912
7,Pthreads,2,2.389677
7,Pthreads,4,2.358293
7,Pthreads,6,2.354344
7,Pthreads,8,2.356625
7,Pthreads,12,2.357688
7,MPI,2,1.055011
7,MPI,4,0.545923
7,MPI,6,0.366290
7,MPI,8,0.274859
7,MPI,12,0.191947
8,Sequential,1,2.149018
8,OpenMP,2,1.388981
8,OpenMP,4,0.758480
8,OpenMP,6,0.637080
8,OpenMP,8,0.546144
8,OpenMP,12,0.678782
8,Pthreads,2,2.415453
8,Pthreads,4,2.383431
8,Pthreads,6,2.381479
8,Pthreads,8,2.321132
8,Pthreads,12,2.352671
8,MPI,2,1.054842
8,MPI,4,0.539538
8,MPI,6,0.360721
8,MPI,8,0.273099
8,MPI,12,0.245943
9,Sequential,1,2.165181
9,OpenMP,2,1.380404
9,OpenMP,4,0.770394
9,OpenMP,6,0.590852
9,OpenMP,8,0.546345
9,OpenMP,12,0.601036
9,Pthreads,2,2.382150
9,Pthreads,4,2.313415
9,Pthreads,6,2.380509
9,Pthreads,8,2.296486
9,Pthreads,12,2.387566
9,MPI,2,1.063562
9,MPI,4,0.544890
9,MPI,6,0.380711
9,MPI,8,0.276611
9,MPI,12,0.242860
10,Sequential,1,2.183280
10,OpenMP,2,1.416937
10,OpenMP,4,0.794635
10,OpenMP,6,0.587400
10,OpenMP,8,0.614488
10,OpenMP,12,0.594480
10,Pthreads,2,2.525759
10,Pthreads,4,2.375497
10,Pthreads,6,2.471934
10,Pthreads,8,2.481919
10,Pthreads,12,2.380967
10,MPI,2,1.051892
10,MPI,4,0.578868
10,MPI,6,0.374584
10,MPI,8,0.282074
10,MPI,12,0.251371
11,Sequential,1,2.161925
11,OpenMP,2,1.419182
11,OpenMP,4,0.819586
11,OpenMP,6,0.653173
11,OpenMP,8,0.567789
11,OpenMP,12,0.626679
11,Pthreads,2,2.404328
11,Pthreads,4,2.357300
11,Pthreads,6,2.353695
11,Pthreads,8,2.324136
11,Pthreads,12,2.315324
11,MPI,2,1.057917
11,MPI,4,0.545998
11,MPI,6,0.364623
11,MPI,8,0.273041
11,MPI,12,0.242415
12,Sequential,1,2.157252
12,OpenMP,2,1.367964
12,OpenMP,4,0.770323
12,OpenMP,6,0.556619
12,OpenMP,8,0.566251
12,OpenMP,12,0.565154
12,Pthreads,2,2.346962
12,Pthreads,4,2.301312
12,Pthreads,6,2.330489
12,Pthreads,8,2.317975
12,Pthreads,12,2.397067
12,MPI,2,1.065260
12,MPI,4,0.531969
12,MPI,6,0.362551
12,MPI,8,0.279347
12,MPI,12,0.185273
13,Sequential,1,2.159137
13,OpenMP,2,1.373066
13,OpenMP,4,0.744295
13,OpenMP,6,0.583562
13,OpenMP,8,0.544494
13,OpenMP,12,0.668335
13,Pthreads,2,2.371655
13,Pthreads,4,2.318739
13,Pthreads,6,2.365252
13,Pthreads,8,2.345427
13,Pthreads,12,2.300669
13,MPI,2,1.049873
13,MPI,4,0.540962
13,MPI,6,0.364883
13,MPI,8,0.273338
13,MPI,12,0.191765
14,Sequential,1,2.179531
14,OpenMP,2,1.377436
14,OpenMP,4,0.800979
14,OpenMP,6,0.579703
14,OpenMP,8,0.562812
14,OpenMP,12,0.584893
14,Pthreads,2,2.323046
14,Pthreads,4,2.332254
14,Pthreads,6,2.406675
14,Pthreads,8,2.396459
14,Pthreads,12,2.340653
14,MPI,2,1.047390
14,MPI,4,0.546833
14,MPI,6,0.362125
14,MPI,8,0.345864
14,MPI,12,0.187689
15,Sequential,1,2.179567
15,OpenMP,2,1.386464
15,OpenMP,4,0.780109
15,OpenMP,6,0.582259
15,OpenMP,8,0.551622
15,OpenMP,12,0.597529
15,Pthreads,2,2.363527
15,Pthreads,4,2.381425
15,Pthreads,6,2.346385
15,Pthreads,8,2.282856
15,Pthreads,12,2.398145
15,MPI,2,1.062492
15,MPI,4,0.544707
15,MPI,6,0.360622
15,MPI,8,0.270707
15,MPI,12,0.242254
16,Sequential,1,2.167200
16,OpenMP,2,1.397069
16,OpenMP,4,0.797925
16,OpenMP,6,0.576247
16,OpenMP,8,0.537477
16,OpenMP,12,0.612534
16,Pthreads,2,2.379543
16,Pthreads,4,2.318646
16,Pthreads,6,2.337968
16,Pthreads,8,2.295679
16,Pthreads,12,2.373566
16,MPI,2,1.061894
16,MPI,4,0.547487
16,MPI,6,0.360794
16,MPI,8,0.296663
16,MPI,12,0.185663
17,Sequential,1,2.158323
17,OpenMP,2,1.405820
17,OpenMP,4,0.770427
17,OpenMP,6,0.580507
17,OpenMP,8,0.565368
17,OpenMP,12,0.659014
17,Pthreads,2,2.341660
17,Pthreads,4,2.329203
17,Pthreads,6,2.345241
17,Pthreads,8,2.313281
17,Pthreads,12,2.340384
17,MPI,2,1.047943
17,MPI,4,0.536572
17,MPI,6,0.364921
17,MPI,8,0.276055
17,MPI,12,0.244474
18,Sequential,1,2.151656
18,OpenMP,2,1.379227
18,OpenMP,4,0.786856
18,OpenMP,6,0.561214
18,OpenMP,8,0.510779
18,OpenMP,12,0.624914
18,Pthreads,2,2.326378
18,Pthreads,4,2.375259
18,Pthreads,6,2.342479
18,Pthreads,8,2.366189
18,Pthreads,12,2.362460
18,MPI,2,1.062413
18,MPI,4,0.527795
18,MPI,6,0.364864
18,MPI,8,0.276669
18,MPI,12,0.248527
19,Sequential,1,2.143470
19,OpenMP,2,1.382129
19,OpenMP,4,0.762837
19,OpenMP,6,0.600398
19,OpenMP,8,0.537537
19,OpenMP,12,0.690004
19,Pthreads,2,2.389202
19,Pthreads,4,2.356978
19,Pthreads,6,2.346048
19,Pthreads,8,2.298135
19,Pthreads,12,2.347276
19,MPI,2,1.051325
19,MPI,4,0.544677
19,MPI,6,0.364872
19,MPI,8,0.268770
19,MPI,12,0.228274
20,Sequential,1,2.161640
20,OpenMP,2,1.370022
20,OpenMP,4,0.775571
20,OpenMP,6,0.575277
20,OpenMP,8,0.516096
20,OpenMP,12,0.646231
20,Pthreads,2,2.373664
20,Pthreads,4,2.358639
20,Pthreads,6,2.304559
20,Pthreads,8,2.377957
20,Pthreads,12,2.418350
20,MPI,2,1.061725
20,MPI,4,0.534211
20,MPI,6,0.363478
20,MPI,8,0.273611
20,MPI,12,0.186522
21,Sequential,1,2.164012
21,OpenMP,2,1.410254
21,OpenMP,4,0.747883
21,OpenMP,6,0.563000
21,OpenMP,8,0.553660
21,OpenMP,12,0.574985
21,Pthreads,2,2.317676
21,Pthreads,4,2.432083
21,Pthreads,6,2.368388
21,Pthreads,8,2.326261
21,Pthreads,12,2.388002
21,MPI,2,1.059254
21,MPI,4,0.539067
21,MPI,6,0.363596
21,MPI,8,0.352100
21,MPI,12,0.184857
22,Sequential,1,2.150131
22,OpenMP,2,1.369977
22,OpenMP,4,0.767838
22,OpenMP,6,0.565308
22,OpenMP,8,0.556227
22,OpenMP,12,0.630037
22,Pthreads,2,2.383173
22,Pthreads,4,2.314592
22,Pthreads,6,2.451118
22,Pthreads,8,2.348787
22,Pthreads,12,2.396894
22,MPI,2,1.052689
22,MPI,4,0.537404
22,MPI,6,0.358267
22,MPI,8,0.277904
22,MPI,12,0.190342
23,Sequential,1,2.191258
23,OpenMP,2,1.348550
23,OpenMP,4,0.784442
23,OpenMP,6,0.610083
23,OpenMP,8,0.529302
23,OpenMP,12,0.587897
23,Pthreads,2,2.364797
23,Pthreads,4,2.287202
23,Pthreads,6,2.391263
23,Pthreads,8,2.341602
23,Pthreads,12,2.297929
23,MPI,2,1.059555
23,MPI,4,0.531340
23,MPI,6,0.357977
23,MPI,8,0.276252
23,MPI,12,0.233776
24,Sequential,1,2.150180
24,OpenMP,2,1.408958
24,OpenMP,4,0.769021
24,OpenMP,6,0.598520
24,OpenMP,8,0.564510
24,OpenMP,12,0.570651
24,Pthreads,2,2.337421
24,Pthreads,4,2.292956
24,Pthreads,6,2.367660
24,Pthreads,8,2.412132
24,Pthreads,12,2.334180
24,MPI,2,1.064950
24,MPI,4,0.552318
24,MPI,6,0.364276
24,MPI,8,0.276089
24,MPI,12,0.186403
25,Sequential,1,2.144635
25,OpenMP,2,1.368098
25,OpenMP,4,0.811456
25,OpenMP,6,0.600824
25,OpenMP,8,0.612548
25,OpenMP,12,0.675016
25,Pthreads,2,2.347892
25,Pthreads,4,2.383899
25,Pthreads,6,2.294441
25,Pthreads,8,2.389061
25,Pthreads,12,2.328260
25,MPI,2,1.053372
25,MPI,4,0.554361
25,MPI,6,0.359063
25,MPI,8,0.272626
25,MPI,12,0.237500
26,Sequential,1,2.155660
26,OpenMP,2,1.408982
26,OpenMP,4,0.792485
26,OpenMP,6,0.604832
26,OpenMP,8,0.571056
26,OpenMP,12,0.618114
26,Pthreads,2,2.442431
26,Pthreads,4,2.420031
26,Pthreads,6,2.340225
26,Pthreads,8,2.338241
26,Pthreads,12,2.385181
26,MPI,2,1.056624
26,MPI,4,0.540615
26,MPI,6,0.368072
26,MPI,8,0.280792
26,MPI,12,0.248546
27,Sequential,1,2.166491
27,OpenMP,2,1.377584
27,OpenMP,4,0.810365
27,OpenMP,6,0.613660
27,OpenMP,8,0.519863
27,OpenMP,12,0.582536
27,Pthreads,2,2.467894
27,Pthreads,4,2.405910
27,Pthreads,6,2.377199
27,Pthreads,8,2.402538
27,Pthreads,12,2.348508
27,MPI,2,1.051782
27,MPI,4,0.542653
27,MPI,6,0.375837
27,MPI,8,0.353955
27,MPI,12,0.190014
28,Sequential,1,2.214894
28,OpenMP,2,1.390617
28,OpenMP,4,0.765917
28,OpenMP,6,0.555829
28,OpenMP,8,0.552402
28,OpenMP,12,0.596612
28,Pthreads,2,2.390093
28,Pthreads,4,2.384476
28,Pthreads,6,2.453114
28,Pthreads,8,2.384387
28,Pthreads,12,2.390520
28,MPI,2,1.062602
28,MPI,4,0.560007
28,MPI,6,0.365805
28,MPI,8,0.283695
28,MPI,12,0.246057
29,Sequential,1,2.160451
29,OpenMP,2,1.393887
29,OpenMP,4,0.797090
29,OpenMP,6,0.620880
29,OpenMP,8,0.578264
29,OpenMP,12,0.574977
29,Pthreads,2,2.323549
29,Pthreads,4,2.332716
29,Pthreads,6,2.446890
29,Pthreads,8,2.344384
29,Pthreads,12,2.397093
29,MPI,2,1.054424
29,MPI,4,0.545390
29,MPI,6,0.366757
29,MPI,8,0.273451
29,MPI,12,0.188223
30,Sequential,1,2.169088
30,OpenMP,2,1.406160
30,OpenMP,4,0.772975
30,OpenMP,6,0.620159
30,OpenMP,8,0.573386
30,OpenMP,12,0.584419
30,Pthreads,2,2.293553
30,Pthreads,4,2.425284
30,Pthreads,6,2.360589
30,Pthreads,8,2.350356
30,Pthreads,12,2.378782
30,MPI,2,1.059796
30,MPI,4,0.535916
30,MPI,6,0.361990
30,MPI,8,0.275596
30,MPI,12,0.191104
31,Sequential,1,2.147713
31,OpenMP,2,1.400671
31,OpenMP,4,0.745089
31,OpenMP,6,0.600725
31,OpenMP,8,0.573166
31,OpenMP,12,0.657791
31,Pthreads,2,2.335580
31,Pthreads,4,2.425621
31,Pthreads,6,2.366450
31,Pthreads,8,2.300709
31,Pthreads,12,2.320059
31,MPI,2,1.050410
31,MPI,4,0.541923
31,MPI,6,0.363728
31,MPI,8,0.338308
31,MPI,12,0.244328
32,Sequential,1,2.149853
32,OpenMP,2,1.385663
32,OpenMP,4,0.771610
32,OpenMP,6,0.588451
32,OpenMP,8,0.576915
32,OpenMP,12,0.581538
32,Pthreads,2,2.367517
32,Pthreads,4,2.274484
32,Pthreads,6,2.424009
32,Pthreads,8,2.316731
32,Pthreads,12,2.294711
32,MPI,2,1.045481
32,MPI,4,0.538360
32,MPI,6,0.362240
32,MPI,8,0.273565
32,MPI,12,0.186696
33,Sequential,1,2.136008
33,OpenMP,2,1.357449
33,OpenMP,4,0.748020
33,OpenMP,6,0.594226
33,OpenMP,8,0.544513
33,OpenMP,12,0.575391
33,Pthreads,2,2.353839
33,Pthreads,4,2.356456
33,Pthreads,6,2.368477
33,Pthreads,8,2.362336
33,Pthreads,12,2.353727
33,MPI,2,1.056454
33,MPI,4,0.552504
33,MPI,6,0.369037
33,MPI,8,0.271974
33,MPI,12,0.190524
34,Sequential,1,2.174048
34,OpenMP,2,1.416975
34,OpenMP,4,0.799862
34,OpenMP,6,0.570880
34,OpenMP,8,0.540136
34,OpenMP,12,0.643088
34,Pthreads,2,2.320619
34,Pthreads,4,2.289102
34,Pthreads,6,2.317765
34,Pthreads,8,2.351029
34,Pthreads,12,2.400053
34,MPI,2,1.069886
34,MPI,4,0.542501
34,MPI,6,0.359790
34,MPI,8,0.351477
34,MPI,12,0.186588
35,Sequential,1,2.185645
35,OpenMP,2,1.396854
35,OpenMP,4,0.806430
35,OpenMP,6,0.575421
35,OpenMP,8,0.566649
35,OpenMP,12,0.578820
35,Pthreads,2,2.367737
35,Pthreads,4,2.345185
35,Pthreads,6,2.362683
35,Pthreads,8,2.354767
35,Pthreads,12,2.293112
35,MPI,2,1.057528
35,MPI,4,0.542699
35,MPI,6,0.363634
35,MPI,8,0.274853
35,MPI,12,0.186028
36,Sequential,1,2.166173
36,OpenMP,2,1.381939
36,OpenMP,4,0.804539
36,OpenMP,6,0.563752
36,OpenMP,8,0.549927
36,OpenMP,12,0.687337
36,Pthreads,2,2.360814
36,Pthreads,4,2.425841
36,Pthreads,6,2.274413
36,Pthreads,8,2.333425
36,Pthreads,12,2.414037
36,MPI,2,1.047564
36,MPI,4,0.538615
36,MPI,6,0.360109
36,MPI,8,0.272923
36,MPI,12,0.191342
37,Sequential,1,2.163132
37,OpenMP,2,1.381080
37,OpenMP,4,0.774824
37,OpenMP,6,0.596871
37,OpenMP,8,0.547853
37,OpenMP,12,0.631896
37,Pthreads,2,2.334979
37,Pthreads,4,2.403435
37,Pthreads,6,2.348749
37,Pthreads,8,2.387516
37,Pthreads,12,2.271674
37,MPI,2,1.048285
37,MPI,4,0.536217
37,MPI,6,0.361109
37,MPI,8,0.270737
37,MPI,12,0.187728
38,Sequential,1,2.161100
38,OpenMP,2,1.388051
38,OpenMP,4,0.782656
38,OpenMP,6,0.570200
38,OpenMP,8,0.527406
38,OpenMP,12,0.551393
38,Pthreads,2,2.261831
38,Pthreads,4,2.299811
38,Pthreads,6,2.328538
38,Pthreads,8,2.370403
38,Pthreads,12,2.327179
38,MPI,2,1.063146
38,MPI,4,0.540624
38,MPI,6,0.359483
38,MPI,8,0.270261
38,MPI,12,0.183543
39,Sequential,1,2.133977
39,OpenMP,2,1.366628
39,OpenMP,4,0.791196
39,OpenMP,6,0.603473
39,OpenMP,8,0.574203
39,OpenMP,12,0.649568
39,Pthreads,2,2.403366
39,Pthreads,4,2.376488
39,Pthreads,6,2.325620
39,Pthreads,8,2.392900
39,Pthreads,12,2.330531
39,MPI,2,1.064681
39,MPI,4,0.536577
39,MPI,6,0.366026
39,MPI,8,0.349361
39,MPI,12,0.241661
40,Sequential,1,2.086861
40,OpenMP,2,1.370983
40,OpenMP,4,0.769315
40,OpenMP,6,0.633908
40,OpenMP,8,0.509915
40,OpenMP,12,0.602806
40,Pthreads,2,2.316646
40,Pthreads,4,2.372261
40,Pthreads,6,2.343189
40,Pthreads,8,2.375368
40,Pthreads,12,2.336001
40,MPI,2,1.052202
40,MPI,4,0.552604
40,MPI,6,0.359939
40,MPI,8,0.269929
40,MPI,12,0.185360
41,Sequential,1,2.166240
41,OpenMP,2,1.366732
41,OpenMP,4,0.753634
41,OpenMP,6,0.610792
41,OpenMP,8,0.538077
41,OpenMP,12,0.635600
41,Pthreads,2,2.405051
41,Pthreads,4,2.290200
41,Pthreads,6,2.402631
41,Pthreads,8,2.331730
41,Pthreads,12,2.300276
41,MPI,2,1.049844
41,MPI,4,0.549537
41,MPI,6,0.361066
41,MPI,8,0.276565
41,MPI,12,0.241848
42,Sequential,1,2.165960
42,OpenMP,2,1.362002
42,OpenMP,4,0.788761
42,OpenMP,6,0.599452
42,OpenMP,8,0.594673
42,OpenMP,12,0.608506
42,Pthreads,2,2.301126
42,Pthreads,4,2.285396
42,Pthreads,6,2.341636
42,Pthreads,8,2.302035
42,Pthreads,12,2.334043
42,MPI,2,1.049602
42,MPI,4,0.538634
42,MPI,6,0.354202
42,MPI,8,0.268883
42,MPI,12,0.186552
43,Sequential,1,2.185885
43,OpenMP,2,1.364106
43,OpenMP,4,0.780106
43,OpenMP,6,0.608428
43,OpenMP,8,0.565169
43,OpenMP,12,0.589413
43,Pthreads,2,2.298670
43,Pthreads,4,2.342490
43,Pthreads,6,2.336449
43,Pthreads,8,2.294383
43,Pthreads,12,2.369524
43,MPI,2,1.061810
43,MPI,4,0.545679
43,MPI,6,0.356918
43,MPI,8,0.348774
43,MPI,12,0.242161
44,Sequential,1,2.140752
44,OpenMP,2,1.366821
44,OpenMP,4,0.744955
44,OpenMP,6,0.616859
44,OpenMP,8,0.533262
44,OpenMP,12,0.573169
44,Pthreads,2,2.343742
44,Pthreads,4,2.363079
44,Pthreads,6,2.395109
44,Pthreads,8,2.311311
44,Pthreads,12,2.328163
44,MPI,2,1.051720
44,MPI,4,0.546520
44,MPI,6,0.356221
44,MPI,8,0.337316
44,MPI,12,0.239664
45,Sequential,1,2.164721
45,OpenMP,2,1.401496
45,OpenMP,4,0.772161
45,OpenMP,6,0.587888
45,OpenMP,8,0.537472
45,OpenMP,12,0.588801
45,Pthreads,2,2.291800
45,Pthreads,4,2.343208
45,Pthreads,6,2.342553
45,Pthreads,8,2.392081
45,Pthreads,12,2.333637
45,MPI,2,1.057000
45,MPI,4,0.547655
45,MPI,6,0.363181
45,MPI,8,0.269742
45,MPI,12,0.183693
46,Sequential,1,2.147082
46,OpenMP,2,1.397661
46,OpenMP,4,0.774543
46,OpenMP,6,0.578059
46,OpenMP,8,0.529294
46,OpenMP,12,0.537358
46,Pthreads,2,2.360587
46,Pthreads,4,2.323067
46,Pthreads,6,2.321600
46,Pthreads,8,2.300201
46,Pthreads,12,2.402782
46,MPI,2,1.060935
46,MPI,4,0.551034
46,MPI,6,0.362821
46,MPI,8,0.275521
46,MPI,12,0.182454
47,Sequential,1,2.181311
47,OpenMP,2,1.390319
47,OpenMP,4,0.746879
47,OpenMP,6,0.591760
47,OpenMP,8,0.606827
47,OpenMP,12,0.638728
47,Pthreads,2,2.344507
47,Pthreads,4,2.314855
47,Pthreads,6,2.398252
47,Pthreads,8,2.352027
47,Pthreads,12,2.324010
47,MPI,2,1.051918
47,MPI,4,0.543480
47,MPI,6,0.364505
47,MPI,8,0.272732
47,MPI,12,0.189055
48,Sequential,1,2.148916
48,OpenMP,2,1.405597
48,OpenMP,4,0.806741
48,OpenMP,6,0.589851
48,OpenMP,8,0.555070
48,OpenMP,12,0.561533
48,Pthreads,2,2.379679
48,Pthreads,4,2.282787
48,Pthreads,6,2.329794
48,Pthreads,8,2.353842
48,Pthreads,12,2.292036
48,MPI,2,1.048221
48,MPI,4,0.541834
48,MPI,6,0.365786
48,MPI,8,0.271627
48,MPI,12,0.243113
49,Sequential,1,2.176152
49,OpenMP,2,1.360184
49,OpenMP,4,0.751929
49,OpenMP,6,0.584772
49,OpenMP,8,0.573687
49,OpenMP,12,0.604057
49,Pthreads,2,2.360684
49,Pthreads,4,2.322726
49,Pthreads,6,2.290020
49,Pthreads,8,2.329305
49,Pthreads,12,2.300204
49,MPI,2,1.046304
49,MPI,4,0.544742
49,MPI,6,0.360617
49,MPI,8,0.278021
49,MPI,12,0.237030
50,Sequential,1,2.151952
50,OpenMP,2,1.366623
50,OpenMP,4,0.770552
50,OpenMP,6,0.588623
50,OpenMP,8,0.583208
50,OpenMP,12,0.578068
50,Pthreads,2,2.285667
50,Pthreads,4,2.305155
50,Pthreads,6,2.310323
50,Pthreads,8,2.387692
50,Pthreads,12,2.319394
50,MPI,2,1.051975
50,MPI,4,0.537723
50,MPI,6,0.360468
50,MPI,8,0.277794
50,MPI,12,0.217473
51,Sequential,1,2.159907
51,OpenMP,2,1.389152
51,OpenMP,4,0.817260
51,OpenMP,6,0.601024
51,OpenMP,8,0.562198
51,OpenMP,12,0.626032
51,Pthreads,2,2.358237
51,Pthreads,4,2.407711
51,Pthreads,6,2.322096
51,Pthreads,8,2.407780
51,Pthreads,12,2.271485
51,MPI,2,1.055777
51,MPI,4,0.555799
51,MPI,6,0.359330
51,MPI,8,0.347531
51,MPI,12,0.188226
52,Sequential,1,2.144196
52,OpenMP,2,1.359370
52,OpenMP,4,0.772477
52,OpenMP,6,0.567821
52,OpenMP,8,0.565105
52,OpenMP,12,0.582735
52,Pthreads,2,2.353374
52,Pthreads,4,2.372763
52,Pthreads,6,2.273834
52,Pthreads,8,2.333018
52,Pthreads,12,2.394158
52,MPI,2,1.048592
52,MPI,4,0.533231
52,MPI,6,0.356861
52,MPI,8,0.272009
52,MPI,12,0.185842
53,Sequential,1,2.170395
53,OpenMP,2,1.372940
53,OpenMP,4,0.732119
53,OpenMP,6,0.578928
53,OpenMP,8,0.594629
53,OpenMP,12,0.558578
53,Pthreads,2,2.354527
53,Pthreads,4,2.300492
53,Pthreads,6,2.288548
53,Pthreads,8,2.388355
53,Pthreads,12,2.292353
53,MPI,2,1.041148
53,MPI,4,0.533527
53,MPI,6,0.354651
53,MPI,8,0.342541
53,MPI,12,0.185676
54,Sequential,1,2.164794
54,OpenMP,2,1.403348
54,OpenMP,4,0.777193
54,OpenMP,6,0.580745
54,OpenMP,8,0.528058
54,OpenMP,12,0.547209
54,Pthreads,2,2.327736
54,Pthreads,4,2.366317
54,Pthreads,6,2.353784
54,Pthreads,8,2.289346
54,Pthreads,12,2.327212
54,MPI,2,1.062509
54,MPI,4,0.555178
54,MPI,6,0.360739
54,MPI,8,0.300109
54,MPI,12,0.186283
55,Sequential,1,2.184289
55,OpenMP,2,1.354865
55,OpenMP,4,0.767525
55,OpenMP,6,0.604976
55,OpenMP,8,0.571494
55,OpenMP,12,0.600505
55,Pthreads,2,2.390163
55,Pthreads,4,2.419959
55,Pthreads,6,2.373062
55,Pthreads,8,2.359458
55,Pthreads,12,2.383842
55,MPI,2,1.057679
55,MPI,4,0.550826
55,MPI,6,0.359912
55,MPI,8,0.271194
55,MPI,12,0.184701
56,Sequential,1,2.171758
56,OpenMP,2,1.369528
56,OpenMP,4,0.745210
56,OpenMP,6,0.608144
56,OpenMP,8,0.559759
56,OpenMP,12,0.639001
56,Pthreads,2,2.317196
56,Pthreads,4,2.378230
56,Pthreads,6,2.296129
56,Pthreads,8,2.339122
56,Pthreads,12,2.338808
56,MPI,2,1.043004
56,MPI,4,0.540748
56,MPI,6,0.360048
56,MPI,8,0.276827
56,MPI,12,0.234929
57,Sequential,1,2.164587
57,OpenMP,2,1.367247
57,OpenMP,4,0.726247
57,OpenMP,6,0.611727
57,OpenMP,8,0.517177
57,OpenMP,12,0.630709
57,Pthreads,2,2.301102
57,Pthreads,4,2.342459
57,Pthreads,6,2.322026
57,Pthreads,8,2.414011
57,Pthreads,12,2.277932
57,MPI,2,1.055787
57,MPI,4,0.538685
57,MPI,6,0.359645
57,MPI,8,0.271743
57,MPI,12,0.246251
58,Sequential,1,2.141014
58,OpenMP,2,1.383612
58,OpenMP,4,0.761964
58,OpenMP,6,0.617171
58,OpenMP,8,0.574226
58,OpenMP,12,0.591917
58,Pthreads,2,2.338512
58,Pthreads,4,2.369637
58,Pthreads,6,2.315825
58,Pthreads,8,2.402985
58,Pthreads,12,2.283651
58,MPI,2,1.057719
58,MPI,4,0.534886
58,MPI,6,0.364023
58,MPI,8,0.279107
58,MPI,12,0.243933
59,Sequential,1,2.149230
59,OpenMP,2,1.401997
59,OpenMP,4,0.776506
59,OpenMP,6,0.572039
59,OpenMP,8,0.531775
59,OpenMP,12,0.592692
59,Pthreads,2,2.327422
59,Pthreads,4,2.289933
59,Pthreads,6,2.266357
59,Pthreads,8,2.326879
59,Pthreads,12,2.277956
59,MPI,2,1.048175
59,MPI,4,0.532415
59,MPI,6,0.356763
59,MPI,8,0.340707
59,MPI,12,0.183935
60,Sequential,1,2.139109
60,OpenMP,2,1.398147
60,OpenMP,4,0.732350
60,OpenMP,6,0.590972
60,OpenMP,8,0.570165
60,OpenMP,12,0.649535
60,Pthreads,2,2.366813
60,Pthreads,4,2.346466
60,Pthreads,6,2.323858
60,Pthreads,8,2.281656
60,Pthreads,12,2.360895
60,MPI,2,1.054646
60,MPI,4,0.549184
60,MPI,6,0.353479
60,MPI,8,0.315371
60,MPI,12,0.229838
61,Sequential,1,2.165107
61,OpenMP,2,1.365052
61,OpenMP,4,0.762431
61,OpenMP,6,0.576290
61,OpenMP,8,0.551137
61,OpenMP,12,0.597355
61,Pthreads,2,2.339575
61,Pthreads,4,2.361612
61,Pthreads,6,2.356160
61,Pthreads,8,2.322656
61,Pthreads,12,2.312416
61,MPI,2,1.062403
61,MPI,4,0.544858
61,MPI,6,0.359727
61,MPI,8,0.272840
61,MPI,12,0.243565
62,Sequential,1,2.163281
62,OpenMP,2,1.382076
62,OpenMP,4,0.761762
62,OpenMP,6,0.569527
62,OpenMP,8,0.558754
62,OpenMP,12,0.628724
62,Pthreads,2,2.352574
62,Pthreads,4,2.292142
62,Pthreads,6,2.346030
62,Pthreads,8,2.288734
62,Pthreads,12,2.320650
62,MPI,2,1.058136
62,MPI,4,0.542118
62,MPI,6,0.358047
62,MPI,8,0.272293
62,MPI,12,0.237933
63,Sequential,1,2.160383
63,OpenMP,2,1.405285
63,OpenMP,4,0.768245
63,OpenMP,6,0.590836
63,OpenMP,8,0.570001
63,OpenMP,12,0.573998
63,Pthreads,2,2.370242
63,Pthreads,4,2.346965
63,Pthreads,6,2.347612
63,Pthreads,8,2.336027
63,Pthreads,12,2.351303
63,MPI,2,1.050920
63,MPI,4,0.544544
63,MPI,6,0.352881
63,MPI,8,0.308248
63,MPI,12,0.186204
64,Sequential,1,2.161754
64,OpenMP,2,1.363693
64,OpenMP,4,0.749528
64,OpenMP,6,0.579995
64,OpenMP,8,0.552193
64,OpenMP,12,0.546377
64,Pthreads,2,2.310693
64,Pthreads,4,2.296148
64,Pthreads,6,2.293456
64,Pthreads,8,2.364324
64,Pthreads,12,2.387562
64,MPI,2,1.025741
64,MPI,4,0.536589
64,MPI,6,0.354062
64,MPI,8,0.274732
64,MPI,12,0.185455
65,Sequential,1,2.102891
65,OpenMP,2,1.374898
65,OpenMP,4,0.775615
65,OpenMP,6,0.615538
65,OpenMP,8,0.544497
65,OpenMP,12,0.619876
65,Pthreads,2,2.286260
65,Pthreads,4,2.391316
65,Pthreads,6,2.376934
65,Pthreads,8,2.344293
65,Pthreads,12,2.308731
65,MPI,2,1.053892
65,MPI,4,0.545073
65,MPI,6,0.359680
65,MPI,8,0.273242
65,MPI,12,0.240652
66,Sequential,1,2.154197
66,OpenMP,2,1.391835
66,OpenMP,4,0.768128
66,OpenMP,6,0.580787
66,OpenMP,8,0.573073
66,OpenMP,12,0.626602
66,Pthreads,2,2.328119
66,Pthreads,4,2.370403
66,Pthreads,6,2.282108
66,Pthreads,8,2.302502
66,Pthreads,12,2.317440
66,MPI,2,1.045702
66,MPI,4,0.545504
66,MPI,6,0.356448
66,MPI,8,0.269468
66,MPI,12,0.184768
67,Sequential,1,2.148956
67,OpenMP,2,1.399303
67,OpenMP,4,0.784107
67,OpenMP,6,0.580600
67,OpenMP,8,0.555540
67,OpenMP,12,0.558191
67,Pthreads,2,2.311127
67,Pthreads,4,2.332802
67,Pthreads,6,2.293669
67,Pthreads,8,2.340633
67,Pthreads,12,2.363943
67,MPI,2,1.054952
67,MPI,4,0.526805
67,MPI,6,0.356892
67,MPI,8,0.339795
67,MPI,12,0.230053
68,Sequential,1,2.168357
68,OpenMP,2,1.350881
68,OpenMP,4,0.757560
68,OpenMP,6,0.556614
68,OpenMP,8,0.553303
68,OpenMP,12,0.589263
68,Pthreads,2,2.350079
68,Pthreads,4,2.336206
68,Pthreads,6,2.310830
68,Pthreads,8,2.345964
68,Pthreads,12,2.295011
68,MPI,2,1.066981
68,MPI,4,0.529831
68,MPI,6,0.357019
68,MPI,8,0.275911
68,MPI,12,0.183679
69,Sequential,1,2.156076
69,OpenMP,2,1.403246
69,OpenMP,4,0.777498
69,OpenMP,6,0.606446
69,OpenMP,8,0.546311
69,OpenMP,12,0.626466
69,Pthreads,2,2.340599
69,Pthreads,4,2.340973
69,Pthreads,6,2.302811
69,Pthreads,8,2.396747
69,Pthreads,12,2.355996
69,MPI,2,1.055974
69,MPI,4,0.541565
69,MPI,6,0.354836
69,MPI,8,0.268183
69,MPI,12,0.182993
70,Sequential,1,2.181159
70,OpenMP,2,1.306318
70,OpenMP,4,0.737983
70,OpenMP,6,0.588935
70,OpenMP,8,0.562549
70,OpenMP,12,0.606936
70,Pthreads,2,2.291349
70,Pthreads,4,2.373396
70,Pthreads,6,2.336039
70,Pthreads,8,2.405750
70,Pthreads,12,2.286973
70,MPI,2,1.056246
70,MPI,4,0.544347
70,MPI,6,0.358411
70,MPI,8,0.275175
70,MPI,12,0.247861
71,Sequential,1,2.164659
71,OpenMP,2,1.377170
71,OpenMP,4,0.777539
71,OpenMP,6,0.592431
71,OpenMP,8,0.541973
71,OpenMP,12,0.626831
71,Pthreads,2,2.307342
71,Pthreads,4,2.374717
71,Pthreads,6,2.356714
71,Pthreads,8,2.280263
71,Pthreads,12,2.277846
71,MPI,2,1.054876
71,MPI,4,0.540449
71,MPI,6,0.355218
71,MPI,8,0.272541
71,MPI,12,0.242160
72,Sequential,1,2.133708
72,OpenMP,2,1.374737
72,OpenMP,4,0.755750
72,OpenMP,6,0.564398
72,OpenMP,8,0.541032
72,OpenMP,12,0.618320
72,Pthreads,2,2.377478
72,Pthreads,4,2.371205
72,Pthreads,6,2.319142
72,Pthreads,8,2.354342
72,Pthreads,12,2.293399
72,MPI,2,1.059296
72,MPI,4,0.544572
72,MPI,6,0.356498
72,MPI,8,0.274752
72,MPI,12,0.187732
73,Sequential,1,2.180203
73,OpenMP,2,1.365371
73,OpenMP,4,0.746528
73,OpenMP,6,0.569750
73,OpenMP,8,0.580723
73,OpenMP,12,0.581376
73,Pthreads,2,2.388799
73,Pthreads,4,2.327387
73,Pthreads,6,2.349511
73,Pthreads,8,2.336758
73,Pthreads,12,2.369646
73,MPI,2,1.049839
73,MPI,4,0.549939
73,MPI,6,0.358590
73,MPI,8,0.295343
73,MPI,12,0.231680
74,Sequential,1,2.159526
74,OpenMP,2,1.382463
74,OpenMP,4,0.745595
74,OpenMP,6,0.612484
74,OpenMP,8,0.562558
74,OpenMP,12,0.545957
74,Pthreads,2,2.331127
74,Pthreads,4,2.382007
74,Pthreads,6,2.444360
74,Pthreads,8,2.347436
74,Pthreads,12,2.394032
74,MPI,2,1.052526
74,MPI,4,0.542241
74,MPI,6,0.368707
74,MPI,8,0.290199
74,MPI,12,0.245737
75,Sequential,1,2.186369
75,OpenMP,2,1.343599
75,OpenMP,4,0.786470
75,OpenMP,6,0.599920
75,OpenMP,8,0.537864
75,OpenMP,12,0.551322
75,Pthreads,2,2.328184
75,Pthreads,4,2.338821
75,Pthreads,6,2.303948
75,Pthreads,8,2.316476
75,Pthreads,12,2.303094
75,MPI,2,1.055762
75,MPI,4,0.548375
75,MPI,6,0.358765
75,MPI,8,0.269607
75,MPI,12,0.186623
76,Sequential,1,2.162148
76,OpenMP,2,1.395364
76,OpenMP,4,0.774384
76,OpenMP,6,0.565732
76,OpenMP,8,0.505290
76,OpenMP,12,0.593180
76,Pthreads,2,2.306014
76,Pthreads,4,2.326260
76,Pthreads,6,2.320195
76,Pthreads,8,2.329943
76,Pthreads,12,2.292430
76,MPI,2,1.070150
76,MPI,4,0.542434
76,MPI,6,0.361666
76,MPI,8,0.275346
76,MPI,12,0.183702
77,Sequential,1,2.158820
77,OpenMP,2,1.374839
77,OpenMP,4,0.764177
77,OpenMP,6,0.605941
77,OpenMP,8,0.540265
77,OpenMP,12,0.583457
77,Pthreads,2,2.401363
77,Pthreads,4,2.298317
77,Pthreads,6,2.331049
77,Pthreads,8,2.388382
77,Pthreads,12,2.354694
77,MPI,2,1.064551
77,MPI,4,0.539744
77,MPI,6,0.364147
77,MPI,8,0.272908
77,MPI,12,0.241293
78,Sequential,1,2.144193
78,OpenMP,2,1.364472
78,OpenMP,4,0.790741
78,OpenMP,6,0.600100
78,OpenMP,8,0.536382
78,OpenMP,12,0.603445
78,Pthreads,2,2.337884
78,Pthreads,4,2.329054
78,Pthreads,6,2.433518
78,Pthreads,8,2.383500
78,Pthreads,12,2.341858
78,MPI,2,1.068894
78,MPI,4,0.542747
78,MPI,6,0.361618
78,MPI,8,0.269618
78,MPI,12,0.184515
79,Sequential,1,2.160883
79,OpenMP,2,1.375258
79,OpenMP,4,0.752019
79,OpenMP,6,0.550680
79,OpenMP,8,0.526002
79,OpenMP,12,0.634586
79,Pthreads,2,2.385741
79,Pthreads,4,2.290130
79,Pthreads,6,2.403669
79,Pthreads,8,2.326390
79,Pthreads,12,2.310448
79,MPI,2,1.059234
79,MPI,4,0.547421
79,MPI,6,0.357420
79,MPI,8,0.271701
79,MPI,12,0.181956
80,Sequential,1,2.155365
80,OpenMP,2,1.362389
80,OpenMP,4,0.754617
80,OpenMP,6,0.585475
80,OpenMP,8,0.566512
80,OpenMP,12,0.600475
80,Pthreads,2,2.370964
80,Pthreads,4,2.445242
80,Pthreads,6,2.377859
80,Pthreads,8,2.341371
80,Pthreads,12,2.346875
80,MPI,2,1.055326
80,MPI,4,0.547729
80,MPI,6,0.358391
80,MPI,8,0.273334
80,MPI,12,0.181521
81,Sequential,1,2.165111
81,OpenMP,2,1.386905
81,OpenMP,4,0.762305
81,OpenMP,6,0.589592
81,OpenMP,8,0.540394
81,OpenMP,12,0.596892
81,Pthreads,2,2.382616
81,Pthreads,4,2.366210
81,Pthreads,6,2.356471
81,Pthreads,8,2.292954
81,Pthreads,12,2.316022
81,MPI,2,1.056461
81,MPI,4,0.547468
81,MPI,6,0.356716
81,MPI,8,0.274595
81,MPI,12,0.182962
82,Sequential,1,2.158714
82,OpenMP,2,1.363261
82,OpenMP,4,0.759644
82,OpenMP,6,0.578939
82,OpenMP,8,0.527754
82,OpenMP,12,0.604970
82,Pthreads,2,2.307086
82,Pthreads,4,2.322616
82,Pthreads,6,2.353946
82,Pthreads,8,2.354607
82,Pthreads,12,2.349454
82,MPI,2,1.051543
82,MPI,4,0.541424
82,MPI,6,0.355892
82,MPI,8,0.268958
82,MPI,12,0.185198
83,Sequential,1,2.170266
83,OpenMP,2,1.346761
83,OpenMP,4,0.775142
83,OpenMP,6,0.617934
83,OpenMP,8,0.544008
83,OpenMP,12,0.731876
83,Pthreads,2,2.381463
83,Pthreads,4,2.373130
83,Pthreads,6,2.392395
83,Pthreads,8,2.301238
83,Pthreads,12,2.406526
83,MPI,2,1.064293
83,MPI,4,0.543458
83,MPI,6,0.362665
83,MPI,8,0.271334
83,MPI,12,0.247718
84,Sequential,1,2.147203
84,OpenMP,2,1.363562
84,OpenMP,4,0.787383
84,OpenMP,6,0.555347
84,OpenMP,8,0.571434
84,OpenMP,12,0.612853
84,Pthreads,2,2.347540
84,Pthreads,4,2.332236
84,Pthreads,6,2.326258
84,Pthreads,8,2.305222
84,Pthreads,12,2.309311
84,MPI,2,1.059111
84,MPI,4,0.533042
84,MPI,6,0.361506
84,MPI,8,0.272046
84,MPI,12,0.230420
85,Sequential,1,2.162122
85,OpenMP,2,1.363901
85,OpenMP,4,0.773333
85,OpenMP,6,0.588941
85,OpenMP,8,0.544194
85,OpenMP,12,0.558598
85,Pthreads,2,2.338761
85,Pthreads,4,2.357477
85,Pthreads,6,2.306978
85,Pthreads,8,2.382637
85,Pthreads,12,2.319529
85,MPI,2,1.053617
85,MPI,4,0.546432
85,MPI,6,0.361617
85,MPI,8,0.269459
85,MPI,12,0.242880
86,Sequential,1,2.158335
86,OpenMP,2,1.347915
86,OpenMP,4,0.750955
86,OpenMP,6,0.595872
86,OpenMP,8,0.591602
86,OpenMP,12,0.596851
86,Pthreads,2,2.364282
86,Pthreads,4,2.375772
86,Pthreads,6,2.356428
86,Pthreads,8,2.330313
86,Pthreads,12,2.346116
86,MPI,2,1.054039
86,MPI,4,0.540404
86,MPI,6,0.365311
86,MPI,8,0.272275
86,MPI,12,0.238895
87,Sequential,1,2.179448
87,OpenMP,2,1.380582
87,OpenMP,4,0.788160
87,OpenMP,6,0.590412
87,OpenMP,8,0.540773
87,OpenMP,12,0.615334
87,Pthreads,2,2.305705
87,Pthreads,4,2.358942
87,Pthreads,6,2.378573
87,Pthreads,8,2.354307
87,Pthreads,12,2.311019
87,MPI,2,1.055465
87,MPI,4,0.538840
87,MPI,6,0.358028
87,MPI,8,0.356208
87,MPI,12,0.183341
88,Sequential,1,2.147993
88,OpenMP,2,1.364054
88,OpenMP,4,0.754591
88,OpenMP,6,0.548032
88,OpenMP,8,0.535259
88,OpenMP,12,0.610733
88,Pthreads,2,2.348496
88,Pthreads,4,2.299589
88,Pthreads,6,2.347807
88,Pthreads,8,2.357031
88,Pthreads,12,2.328666
88,MPI,2,1.054534
88,MPI,4,0.540357
88,MPI,6,0.362617
88,MPI,8,0.339503
88,MPI,12,0.189020
89,Sequential,1,2.151089
89,OpenMP,2,1.379159
89,OpenMP,4,0.781593
89,OpenMP,6,0.599423
89,OpenMP,8,0.530189
89,OpenMP,12,0.576580
89,Pthreads,2,2.374694
89,Pthreads,4,2.342207
89,Pthreads,6,2.319331
89,Pthreads,8,2.363804
89,Pthreads,12,2.297036
89,MPI,2,1.068109
89,MPI,4,0.545754
89,MPI,6,0.365991
89,MPI,8,0.274247
89,MPI,12,0.244177
90,Sequential,1,2.110704
90,OpenMP,2,1.358754
90,OpenMP,4,0.742276
90,OpenMP,6,0.576567
90,OpenMP,8,0.604936
90,OpenMP,12,0.581259
90,Pthreads,2,2.410371
90,Pthreads,4,2.412370
90,Pthreads,6,2.325921
90,Pthreads,8,2.314774
90,Pthreads,12,2.317695
90,MPI,2,1.069564
90,MPI,4,0.537102
90,MPI,6,0.368071
90,MPI,8,0.331902
90,MPI,12,0.186874
91,Sequential,1,2.158801
91,OpenMP,2,1.368715
91,OpenMP,4,0.753383
91,OpenMP,6,0.601436
91,OpenMP,8,0.544827
91,OpenMP,12,0.623824
91,Pthreads,2,2.282606
91,Pthreads,4,2.347902
91,Pthreads,6,2.363457
91,Pthreads,8,2.352510
91,Pthreads,12,2.366946
91,MPI,2,1.068695
91,MPI,4,0.546612
91,MPI,6,0.356219
91,MPI,8,0.276102
91,MPI,12,0.240182
92,Sequential,1,2.166357
92,OpenMP,2,1.354724
92,OpenMP,4,0.778043
92,OpenMP,6,0.583773
92,OpenMP,8,0.560405
92,OpenMP,12,0.563109
92,Pthreads,2,2.325659
92,Pthreads,4,2.287146
92,Pthreads,6,2.339405
92,Pthreads,8,2.392417
92,Pthreads,12,2.333829
92,MPI,2,1.060383
92,MPI,4,0.537383
92,MPI,6,0.358520
92,MPI,8,0.273559
92,MPI,12,0.246153
93,Sequential,1,2.145727
93,OpenMP,2,1.393444
93,OpenMP,4,0.759529
93,OpenMP,6,0.576821
93,OpenMP,8,0.552634
93,OpenMP,12,0.610065
93,Pthreads,2,2.333108
93,Pthreads,4,2.380040
93,Pthreads,6,2.288162
93,Pthreads,8,2.291456
93,Pthreads,12,2.308471
93,MPI,2,1.055793
93,MPI,4,0.538289
93,MPI,6,0.359154
93,MPI,8,0.267704
93,MPI,12,0.237643
94,Sequential,1,2.157600
94,OpenMP,2,1.351357
94,OpenMP,4,0.768591
94,OpenMP,6,0.624718
94,OpenMP,8,0.526679
94,OpenMP,12,0.648144
94,Pthreads,2,2.349042
94,Pthreads,4,2.324112
94,Pthreads,6,2.335758
94,Pthreads,8,2.316005
94,Pthreads,12,2.368801
94,MPI,2,1.052095
94,MPI,4,0.547805
94,MPI,6,0.358187
94,MPI,8,0.273828
94,MPI,12,0.235698
95,Sequential,1,2.173106
95,OpenMP,2,1.364378
95,OpenMP,4,0.793004
95,OpenMP,6,0.548489
95,OpenMP,8,0.535797
95,OpenMP,12,0.585497
95,Pthreads,2,2.315285
95,Pthreads,4,2.325536
95,Pthreads,6,2.307924
95,Pthreads,8,2.343177
95,Pthreads,12,2.368070
95,MPI,2,1.060255
95,MPI,4,0.538092
95,MPI,6,0.362794
95,MPI,8,0.342643
95,MPI,12,0.238667
96,Sequential,1,2.140898
96,OpenMP,2,1.362801
96,OpenMP,4,0.765885
96,OpenMP,6,0.581365
96,OpenMP,8,0.525532
96,OpenMP,12,0.573577
96,Pthreads,2,2.329555
96,Pthreads,4,2.376321
96,Pthreads,6,2.303360
96,Pthreads,8,2.277429
96,Pthreads,12,2.369394
96,MPI,2,1.053145
96,MPI,4,0.536687
96,MPI,6,0.357884
96,MPI,8,0.272319
96,MPI,12,0.187398
97,Sequential,1,2.147680
97,OpenMP,2,1.380889
97,OpenMP,4,0.769256
97,OpenMP,6,0.601257
97,OpenMP,8,0.540474
97,OpenMP,12,0.700662
97,Pthreads,2,2.389963
97,Pthreads,4,2.326774
97,Pthreads,6,2.357627
97,Pthreads,8,2.408224
97,Pthreads,12,2.325177
97,MPI,2,1.064657
97,MPI,4,0.541781
97,MPI,6,0.367620
97,MPI,8,0.273515
97,MPI,12,0.245619
98,Sequential,1,2.152045
98,OpenMP,2,1.416047
98,OpenMP,4,0.783479
98,OpenMP,6,0.591388
98,OpenMP,8,0.558740
98,OpenMP,12,0.597415
98,Pthreads,2,2.365021
98,Pthreads,4,2.393529
98,Pthreads,6,2.364343
98,Pthreads,8,2.339187
98,Pthreads,12,2.349441
98,MPI,2,1.053924
98,MPI,4,0.540041
98,MPI,6,0.367316
98,MPI,8,0.276818
98,MPI,12,0.236482
99,Sequential,1,2.155349
99,OpenMP,2,1.386485
99,OpenMP,4,0.747804
99,OpenMP,6,0.556675
99,OpenMP,8,0.536643
99,OpenMP,12,0.614488
99,Pthreads,2,2.294013
99,Pthreads,4,2.278632
99,Pthreads,6,2.319482
99,Pthreads,8,2.390183
99,Pthreads,12,2.419819
99,MPI,2,1.048085
99,MPI,4,0.540057
99,MPI,6,0.364637
99,MPI,8,0.275782
99,MPI,12,0.238490
100,Sequential,1,2.158117
100,OpenMP,2,1.375981
100,OpenMP,4,0.762155
100,OpenMP,6,0.556347
100,OpenMP,8,0.532556
100,OpenMP,12,0.640803
100,Pthreads,2,2.369463
100,Pthreads,4,2.305259
100,Pthreads,6,2.274146
100,Pthreads,8,2.336786
100,Pthreads,12,2.394817
100,MPI,2,1.047040
100,MPI,4,0.551201
100,MPI,6,0.359335
100,MPI,8,0.272487
100,MPI,12,0.183982
